86016,桔肖毛翅夜蛾,Noctuidae,Lagoptera,dotata,,Fabricius,Lagoptera dotata Fabricius,云南,昆明花红洞,云南昆明花红洞,董大志,40柜-A9,1980/6/20
86017,桔肖毛翅夜蛾,Noctuidae,Lagoptera,dotata,,Fabricius,Lagoptera dotata Fabricius,云南,昆明花红洞,云南昆明花红洞,董大志,40柜-A9,1980/6/20
86018,蓝条夜蛾,Noctuidae,Ischyja,manlia,,Cramer,Ischyja manlia Cramer,云南,丘北,云南丘北,王云珍,40柜-A10,1982/8/9
86019,蓝条夜蛾,Noctuidae,Ischyja,manlia,,Cramer,Ischyja manlia Cramer,云南,昆明花红洞,云南昆明花红洞,赵万泾,40柜-A10,1974/9/15
86020,蓝条夜蛾,Noctuidae,Ischyja,manlia,,Cramer,Ischyja manlia Cramer,云南,昆明,云南昆明,甘运兴,40柜-A10,1976/8/8
86021,蓝条夜蛾,Noctuidae,Ischyja,manlia,,Cramer,Ischyja manlia Cramer,云南,昆明,云南昆明,甘运兴,40柜-A10,1977/8/26
86022,蓝条夜蛾,Noctuidae,Ischyja,manlia,,Cramer,Ischyja manlia Cramer,云南,沧源,云南沧源,周又生,40柜-A10,1981/6/27
86023,蓝条夜蛾,Noctuidae,Ischyja,manlia,,Cramer,Ischyja manlia Cramer,云南,昆明,云南昆明,甘运兴,40柜-A10,1976/8/18
86024,蓝条夜蛾,Noctuidae,Ischyja,manlia,,Cramer,Ischyja manlia Cramer,云南,沧源,云南沧源,朱世模,40柜-A10,1981/6/26
86025,蓝条夜蛾,Noctuidae,Ischyja,manlia,,Cramer,Ischyja manlia Cramer,云南,昆明花红洞,云南昆明花红洞,刘起蓉,40柜-A10,1974/5/25
86026,蓝条夜蛾,Noctuidae,Ischyja,manlia,,Cramer,Ischyja manlia Cramer,云南,孟连,云南孟连,董大志,40柜-A10,1979/5/14
86027,蓝条夜蛾,Noctuidae,Ischyja,manlia,,Cramer,Ischyja manlia Cramer,云南,昆明,云南昆明,凌发瑶,40柜-A10,2001/1/1
86028,蓝条夜蛾,Noctuidae,Ischyja,manlia,,Cramer,Ischyja manlia Cramer,云南,思茅,云南思茅,左自忠,40柜-A10,2001/1/1
86029,蓝条夜蛾,Noctuidae,Ischyja,manlia,,Cramer,Ischyja manlia Cramer,云南,昆明,云南昆明,甘运兴,40柜-A10,1976/10/13
86030,蓝条夜蛾,Noctuidae,Ischyja,manlia,,Cramer,Ischyja manlia Cramer,云南,思茅,云南思茅,左自忠,40柜-A10,1983/6/10
86031,蓝条夜蛾,Noctuidae,Ischyja,manlia,,Cramer,Ischyja manlia Cramer,云南,孟仑热植所,云南孟仑热植所,郑加容,40柜-A10,1985/5/27
86032,斑翅夜蛾,Noctuidae,Serrodes, campana,, Guenée,Serrodes  campana  Guenée,云南,元江,云南元江,杨宗华,40柜-A11,1978/6/4
86033,斑翅夜蛾,Noctuidae,Serrodes, campana,, Guenée,Serrodes  campana  Guenée,云南,屏边,云南屏边,农科所,40柜-A11,1981/4/5
86034,斑翅夜蛾,Noctuidae,Serrodes, campana,, Guenée,Serrodes  campana  Guenée,云南,泸水,云南泸水,龙勇诚,40柜-A11,1983/6/14
86035,斑翅夜蛾,Noctuidae,Serrodes, campana,, Guenée,Serrodes  campana  Guenée,云南,泸水,云南泸水,周又生,40柜-A11,1983/6/14
86036,斑翅夜蛾,Noctuidae,Serrodes, campana,, Guenée,Serrodes  campana  Guenée,云南,元阳,云南元阳,董大志,40柜-A11,1984/5/27
86037,斑翅夜蛾,Noctuidae,Serrodes, campana,, Guenée,Serrodes  campana  Guenée,云南,泸水,云南泸水,周又生,40柜-A11,1983/6/14
86038,斑翅夜蛾,Noctuidae,Serrodes, campana,, Guenée,Serrodes  campana  Guenée,云南,怒江六库,云南怒江六库,杨大荣,40柜-A11,1983/6/12
86039,斑翅夜蛾,Noctuidae,Serrodes, campana,, Guenée,Serrodes  campana  Guenée,云南,昆明花红洞,云南昆明花红洞,孙少荣,40柜-A11,1974/5/27
86040,斑翅夜蛾,Noctuidae,Serrodes, campana,, Guenée,Serrodes  campana  Guenée,云南,昆明花红洞,云南昆明花红洞,采集组,40柜-A11,1974/5/25
86041,斑翅夜蛾,Noctuidae,Serrodes, campana,, Guenée,Serrodes  campana  Guenée,云南,开远,云南开远,董大志,40柜-A11,1982/8/7
86042,斑翅夜蛾,Noctuidae,Serrodes, campana,, Guenée,Serrodes  campana  Guenée,云南,永德,云南永德,杨文国,40柜-A11,1981/7/26
86043,斑翅夜蛾,Noctuidae,Serrodes, campana,, Guenée,Serrodes  campana  Guenée,云南,勐海,云南勐海,董大志,40柜-A11,1981/6/11
86044,斑翅夜蛾,Noctuidae,Serrodes, campana,, Guenée,Serrodes  campana  Guenée,云南,昆明花红洞,云南昆明花红洞,董大志,40柜-A11,1980/6/20
86045,斑翅夜蛾,Noctuidae,Serrodes, campana,, Guenée,Serrodes  campana  Guenée,云南,景洪,云南景洪,董大志,40柜-A11,1991/9/15
86046,斑翅夜蛾,Noctuidae,Serrodes, campana,, Guenée,Serrodes  campana  Guenée,云南,双江,云南双江,鲁华平,40柜-A11,1981/6/21
86047,斑翅夜蛾,Noctuidae,Serrodes, campana,, Guenée,Serrodes  campana  Guenée,云南,泸水,云南泸水,朱世模,40柜-A11,1983/6/14
86048,斑翅夜蛾,Noctuidae,Serrodes, campana,, Guenée,Serrodes  campana  Guenée,云南,元江,云南元江,熊江,40柜-A11,1978/6/29
86049,肖毛翅夜蛾,Noctuidae,Lagoptera,juno,,Dalman,Lagoptera juno Dalman,云南,昆明,云南昆明,甘运兴,40柜-A12,1975/11/3
86050,肖毛翅夜蛾,Noctuidae,Lagoptera,juno,,Dalman,Lagoptera juno Dalman,云南,昆明,云南昆明,沈发荣,40柜-A12,1978/9/10
86051,肖毛翅夜蛾,Noctuidae,Lagoptera,juno,,Dalman,Lagoptera juno Dalman,云南,大勐龙,云南大勐龙,沈发荣,40柜-A12,1981/6/8
86052,肖毛翅夜蛾,Noctuidae,Lagoptera,juno,,Dalman,Lagoptera juno Dalman,云南,曲靖,云南曲靖,卫成荣,40柜-A12,1979/7/4
86053,肖毛翅夜蛾,Noctuidae,Lagoptera,juno,,Dalman,Lagoptera juno Dalman,云南,湖北鹤峰,云南湖北鹤峰,李永坤,40柜-A12,1989/7/24
86054,肖毛翅夜蛾,Noctuidae,Lagoptera,juno,,Dalman,Lagoptera juno Dalman,云南,昆明,云南昆明,甘运兴,40柜-A12,1975/6/3
86055,肖毛翅夜蛾,Noctuidae,Lagoptera,juno,,Dalman,Lagoptera juno Dalman,云南,昆明花红洞,云南昆明花红洞,王云珍,40柜-A12,1980/6/5
86056,肖毛翅夜蛾,Noctuidae,Lagoptera,juno,,Dalman,Lagoptera juno Dalman,云南,邱北城关,云南邱北城关,农科所,40柜-A12,1981/11/29
86057,肖毛翅夜蛾,Noctuidae,Lagoptera,juno,,Dalman,Lagoptera juno Dalman,云南,湖北鹤峰,云南湖北鹤峰,肖宁年,40柜-A12,1989/7/24
86058,肖毛翅夜蛾,Noctuidae,Lagoptera,juno,,Dalman,Lagoptera juno Dalman,云南,富宁,云南富宁,周又生,40柜-A12,1982/7/29
86059,肖毛翅夜蛾,Noctuidae,Lagoptera,juno,,Dalman,Lagoptera juno Dalman,云南,邱北城关,云南邱北城关,农科所,40柜-A12,1981/11/30
86060,肖毛翅夜蛾,Noctuidae,Lagoptera,juno,,Dalman,Lagoptera juno Dalman,云南,昆明,云南昆明,甘运兴,40柜-A12,1976/9/24
86061,肖毛翅夜蛾,Noctuidae,Lagoptera,juno,,Dalman,Lagoptera juno Dalman,云南,曲靖,云南曲靖,卫成荣,40柜-A12,1979/7/1
86062,肖毛翅夜蛾,Noctuidae,Lagoptera,juno,,Dalman,Lagoptera juno Dalman,云南,湖北咸丰,云南湖北咸丰,董大志,40柜-A12,1989/8/6
86063,肖毛翅夜蛾,Noctuidae,Lagoptera,juno,,Dalman,Lagoptera juno Dalman,云南,泸水,云南泸水,龙勇诚,40柜-A12,1989/8/6
86064,肖毛翅夜蛾,Noctuidae,Lagoptera,juno,,Dalman,Lagoptera juno Dalman,云南,湖北鹤峰,云南湖北鹤峰,肖宁年,40柜-A12,1989/7/24
86065,肖毛翅夜蛾,Noctuidae,Lagoptera,juno,,Dalman,Lagoptera juno Dalman,云南,曲靖,云南曲靖,卫成荣,40柜-A12,1979/7/1
86066,肖毛翅夜蛾,Noctuidae,Lagoptera,juno,,Dalman,Lagoptera juno Dalman,云南,昆明,云南昆明,甘运兴,40柜-A12,1976/9/27
86067,肖毛翅夜蛾,Noctuidae,Lagoptera,juno,,Dalman,Lagoptera juno Dalman,云南,昆明,云南昆明,甘运兴,40柜-A12,1975/11/3
86068,肖毛翅夜蛾,Noctuidae,Lagoptera,juno,,Dalman,Lagoptera juno Dalman,云南,昆明,云南昆明,甘运兴,40柜-A12,1975/11/3
86069,肖毛翅夜蛾,Noctuidae,Lagoptera,juno,,Dalman,Lagoptera juno Dalman,云南,昆明,云南昆明,甘运兴,40柜-A12,1976/8/28
86070,肖毛翅夜蛾,Noctuidae,Lagoptera,juno,,Dalman,Lagoptera juno Dalman,云南,丽江,云南丽江,王吉先,40柜-A12,1983/9/6
86071,肖毛翅夜蛾,Noctuidae,Lagoptera,juno,,Dalman,Lagoptera juno Dalman,云南,昆明,云南昆明,沈发荣,40柜-A12,1978/9/10
86072,肖毛翅夜蛾,Noctuidae,Lagoptera,juno,,Dalman,Lagoptera juno Dalman,云南,昆明,云南昆明,甘运兴,40柜-A12,1981/12/1
86073,肖毛翅夜蛾,Noctuidae,Lagoptera,juno,,Dalman,Lagoptera juno Dalman,云南,邱北城关,云南邱北城关,农科所,40柜-A12,1981/10/3
86074,肖毛翅夜蛾,Noctuidae,Lagoptera,juno,,Dalman,Lagoptera juno Dalman,云南,麻栗坡,云南麻栗坡,梁醒财,40柜-A12,1982/8/5
86075,肖毛翅夜蛾,Noctuidae,Lagoptera,juno,,Dalman,Lagoptera juno Dalman,云南,湖北恩施,云南湖北恩施,董大志,40柜-A13,1989/7/29
86076,肖毛翅夜蛾,Noctuidae,Lagoptera,juno,,Dalman,Lagoptera juno Dalman,云南,邱北城关,云南邱北城关,农科所,40柜-A13,1981/11/24
86077,肖毛翅夜蛾,Noctuidae,Lagoptera,juno,,Dalman,Lagoptera juno Dalman,云南,邱北城关,云南邱北城关,农科所,40柜-A13,1981/11/24
86078,肖毛翅夜蛾,Noctuidae,Lagoptera,juno,,Dalman,Lagoptera juno Dalman,云南,泸水,云南泸水,朱世模,40柜-A13,1983/6/14
86079,肖毛翅夜蛾,Noctuidae,Lagoptera,juno,,Dalman,Lagoptera juno Dalman,云南,临沧,云南临沧,王云珍,40柜-A13,1979/6/18
86080,肖毛翅夜蛾,Noctuidae,Lagoptera,juno,,Dalman,Lagoptera juno Dalman,云南,昆明,云南昆明,甘运兴,40柜-A13,1975/11/3
86081,肖毛翅夜蛾,Noctuidae,Lagoptera,juno,,Dalman,Lagoptera juno Dalman,云南,昆明花红洞,云南昆明花红洞,王云珍,40柜-A13,1980/6/3
86082,肖毛翅夜蛾,Noctuidae,Lagoptera,juno,,Dalman,Lagoptera juno Dalman,云南,昆明花红洞,云南昆明花红洞,董大志,40柜-A13,1980/5/26
86083,肖毛翅夜蛾,Noctuidae,Lagoptera,juno,,Dalman,Lagoptera juno Dalman,云南,湖北咸丰,云南湖北咸丰,董大志,40柜-A13,1989/8/6
86084,肖毛翅夜蛾,Noctuidae,Lagoptera,juno,,Dalman,Lagoptera juno Dalman,云南,昆明,云南昆明,甘运兴,40柜-A13,1975/11/3
86085,肖毛翅夜蛾,Noctuidae,Lagoptera,juno,,Dalman,Lagoptera juno Dalman,云南,中甸,云南中甸,龙飞,40柜-A13,1978/9/25
86086,肖毛翅夜蛾,Noctuidae,Lagoptera,juno,,Dalman,Lagoptera juno Dalman,云南,碧江,云南碧江,周又生,40柜-A13,1983/6/20
86087,肖毛翅夜蛾,Noctuidae,Lagoptera,juno,,Dalman,Lagoptera juno Dalman,云南,白马雪山,云南白马雪山,虫草组,40柜-A13,1985/7/7
86088,肖毛翅夜蛾,Noctuidae,Lagoptera,juno,,Dalman,Lagoptera juno Dalman,云南,昆明花红洞,云南昆明花红洞,董大志,40柜-A13,1980/6/3
86089,肖毛翅夜蛾,Noctuidae,Lagoptera,juno,,Dalman,Lagoptera juno Dalman,云南,砚山,云南砚山,周又生,40柜-A13,1982/9/5
86090,肖毛翅夜蛾,Noctuidae,Lagoptera,juno,,Dalman,Lagoptera juno Dalman,云南,昆明,云南昆明,甘运兴,40柜-A13,1975/11/3
86091,肖毛翅夜蛾,Noctuidae,Lagoptera,juno,,Dalman,Lagoptera juno Dalman,云南,保山,云南保山,龙勇诚,40柜-A13,1983/6/6
86092,肖毛翅夜蛾,Noctuidae,Lagoptera,juno,,Dalman,Lagoptera juno Dalman,云南,邱北城关,云南邱北城关,农科所,40柜-A13,2001/1/1
86093,肖毛翅夜蛾,Noctuidae,Lagoptera,juno,,Dalman,Lagoptera juno Dalman,云南,昆明,云南昆明,梁醒财,40柜-A13,1983/7/7
86094,肖毛翅夜蛾,Noctuidae,Lagoptera,juno,,Dalman,Lagoptera juno Dalman,云南,四川青城山,云南四川青城山,熊江,40柜-A13,1982/8/3
86095,肖毛翅夜蛾,Noctuidae,Lagoptera,juno,,Dalman,Lagoptera juno Dalman,云南,丽江,云南丽江,何婉,40柜-A13,1983/9/1
86096,肖毛翅夜蛾,Noctuidae,Lagoptera,juno,,Dalman,Lagoptera juno Dalman,云南,麻栗坡,云南麻栗坡,王云珍,40柜-A13,1982/8/14
86097,肖毛翅夜蛾,Noctuidae,Lagoptera,juno,,Dalman,Lagoptera juno Dalman,云南,路南,云南路南,周又生,40柜-A13,1982/4/13
86098,肖毛翅夜蛾,Noctuidae,Lagoptera,juno,,Dalman,Lagoptera juno Dalman,云南,丽江,云南丽江,金显谟,40柜-A13,1978/10/22
86099,肖毛翅夜蛾,Noctuidae,Lagoptera,juno,,Dalman,Lagoptera juno Dalman,湖北,湖北利川,湖北湖北利川,董大志,40柜-A13,1989/8/4
86100,肖毛翅夜蛾,Noctuidae,Lagoptera,juno,,Dalman,Lagoptera juno Dalman,云南,白马雪山,云南白马雪山,虫草组,40柜-A13,1985/7/7
86101,肖毛翅夜蛾,Noctuidae,Lagoptera,juno,,Dalman,Lagoptera juno Dalman,云南,白马雪山,云南白马雪山,沈发荣,40柜-A13,1985/7/7
86102,肖毛翅夜蛾,Noctuidae,Lagoptera,juno,,Dalman,Lagoptera juno Dalman,云南,石林,云南石林,沈发荣,40柜-A13,1980/7/1
86103,肖毛翅夜蛾,Noctuidae,Lagoptera,juno,,Dalman,Lagoptera juno Dalman,云南,白马雪山,云南白马雪山,沈发荣,40柜-A13,1985/7/9
86104,肖毛翅夜蛾,Noctuidae,Lagoptera,juno,,Dalman,Lagoptera juno Dalman,云南,昆明,云南昆明,甘运兴,40柜-A13,1975/11/3
86105,肖毛翅夜蛾,Noctuidae,Lagoptera,juno,,Dalman,Lagoptera juno Dalman,云南,白马雪山,云南白马雪山,虫草组,40柜-A13,1985/7/7
86106,肖毛翅夜蛾,Noctuidae,Lagoptera,juno,,Dalman,Lagoptera juno Dalman,云南,昆明,云南昆明,甘运兴,40柜-A13,1975/11/3
86107,肖毛翅夜蛾,Noctuidae,Lagoptera,juno,,Dalman,Lagoptera juno Dalman,云南,白马雪山,云南白马雪山,虫草组,40柜-A13,1985/7/7
86108,肖毛翅夜蛾,Noctuidae,Lagoptera,juno,,Dalman,Lagoptera juno Dalman,云南,昆明,云南昆明,甘运兴,40柜-A13,1975/11/3
86109,肖毛翅夜蛾,Noctuidae,Lagoptera,juno,,Dalman,Lagoptera juno Dalman,云南,白马雪山,云南白马雪山,虫草组,40柜-A13,1985/7/14
86110,肖毛翅夜蛾,Noctuidae,Lagoptera,juno,,Dalman,Lagoptera juno Dalman,云南,弥勒,云南弥勒,董大志,40柜-A13,1982/8/4
86111,角胸蝽(四剑蝽),Pentatomidae,Tetroda,histeroides,,(Fabricius),Tetroda histeroides (Fabricius),云南,元江,云南元江,张北元,1-69,2001/1/1
86112,角胸蝽(四剑蝽),Pentatomidae,Tetroda,histeroides,,(Fabricius),Tetroda histeroides (Fabricius),云南,元江,云南元江,杨建平,1-69,1978/1/19
86113,角胸蝽(四剑蝽),Pentatomidae,Tetroda,histeroides,,(Fabricius),Tetroda histeroides (Fabricius),云南,元江,云南元江,杨建平,1-69,1978/1/19
86114,角胸蝽(四剑蝽),Pentatomidae,Tetroda,histeroides,,(Fabricius),Tetroda histeroides (Fabricius),云南,元江,云南元江,杨建平,1-69,1978/1/19
86115,角胸蝽(四剑蝽),Pentatomidae,Tetroda,histeroides,,(Fabricius),Tetroda histeroides (Fabricius),云南,元江,云南元江,杨建平,1-69,1978/1/19
86116,角胸蝽(四剑蝽),Pentatomidae,Tetroda,histeroides,,(Fabricius),Tetroda histeroides (Fabricius),云南,元江,云南元江,熊江,1-69,1978/1/19
86117,角胸蝽(四剑蝽),Pentatomidae,Tetroda,histeroides,,(Fabricius),Tetroda histeroides (Fabricius),云南,元江,云南元江,杨建平,1-69,1978/1/19
86118,红谷蝽,Pentatomidae,Gonopsis,coccinea,,(Walker),Gonopsis coccinea (Walker),云南,勐腊,云南勐腊,熊江,1-70,1974/5/10
86119,红谷蝽,Pentatomidae,Gonopsis,coccinea,,(Walker),Gonopsis coccinea (Walker),云南,富宁,云南富宁,甘运兴,1-70,1973/6/7
86120,红谷蝽,Pentatomidae,Gonopsis,coccinea,,(Walker),Gonopsis coccinea (Walker),云南,勐腊,云南勐腊,熊江,1-70,1974/7/16
86121,红谷蝽,Pentatomidae,Gonopsis,coccinea,,(Walker),Gonopsis coccinea (Walker),云南,勐腊,云南勐腊,熊江,1-70,1974/7/16
86122,红谷蝽,Pentatomidae,Gonopsis,coccinea,,(Walker),Gonopsis coccinea (Walker),云南,勐腊,云南勐腊,熊江,1-70,1974/7/16
86123,红谷蝽,Pentatomidae,Gonopsis,coccinea,,(Walker),Gonopsis coccinea (Walker),云南,勐腊,云南勐腊,熊江,1-70,1974/7/16
86124,红谷蝽,Pentatomidae,Gonopsis,coccinea,,(Walker),Gonopsis coccinea (Walker),云南,勐腊,云南勐腊,熊江,1-70,1974/7/16
86125,红谷蝽,Pentatomidae,Gonopsis,coccinea,,(Walker),Gonopsis coccinea (Walker),云南,勐腊,云南勐腊,熊江,1-70,1974/5/10
86126,红谷蝽,Pentatomidae,Gonopsis,coccinea,,(Walker),Gonopsis coccinea (Walker),云南,勐腊,云南勐腊,熊江,1-70,1974/7/7
86127,红谷蝽,Pentatomidae,Gonopsis,coccinea,,(Walker),Gonopsis coccinea (Walker),云南,勐腊,云南勐腊,熊江,1-70,1974/7/7
86128,红谷蝽,Pentatomidae,Gonopsis,coccinea,,(Walker),Gonopsis coccinea (Walker),云南,勐腊,云南勐腊,熊江,1-70,1974/7/7
86129,红谷蝽,Pentatomidae,Gonopsis,coccinea,,(Walker),Gonopsis coccinea (Walker),云南,勐腊,云南勐腊,甘运兴,1-70,1974/7/6
86130,红谷蝽,Pentatomidae,Gonopsis,coccinea,,(Walker),Gonopsis coccinea (Walker),云南,勐腊,云南勐腊,甘运兴,1-70,1974/7/6
86131,红谷蝽,Pentatomidae,Gonopsis,coccinea,,(Walker),Gonopsis coccinea (Walker),云南,勐腊,云南勐腊,熊江,1-70,1974/7/7
86132,红谷蝽,Pentatomidae,Gonopsis,coccinea,,(Walker),Gonopsis coccinea (Walker),云南,勐腊,云南勐腊,熊江、金显模,1-70,1974/7/10
86133,红谷蝽,Pentatomidae,Gonopsis,coccinea,,(Walker),Gonopsis coccinea (Walker),云南,勐腊,云南勐腊,熊江、金显模,1-70,1974/7/10
86134,红谷蝽,Pentatomidae,Gonopsis,coccinea,,(Walker),Gonopsis coccinea (Walker),云南,勐腊,云南勐腊,熊江、金显模,1-70,1974/7/10
86135,红谷蝽,Pentatomidae,Gonopsis,coccinea,,(Walker),Gonopsis coccinea (Walker),云南,勐腊,云南勐腊,熊江、金显模,1-70,1974/7/10
86136,红谷蝽,Pentatomidae,Gonopsis,coccinea,,(Walker),Gonopsis coccinea (Walker),云南,勐腊,云南勐腊,熊江,1-70,1974/7/7
86137,红谷蝽,Pentatomidae,Gonopsis,coccinea,,(Walker),Gonopsis coccinea (Walker),云南,勐腊,云南勐腊,甘运兴,1-70,1974/7/3
86138,红谷蝽,Pentatomidae,Gonopsis,coccinea,,(Walker),Gonopsis coccinea (Walker),云南,勐腊,云南勐腊,王蓉玉,1-70,1974/5/4
86139,红谷蝽,Pentatomidae,Gonopsis,coccinea,,(Walker),Gonopsis coccinea (Walker),云南,勐腊,云南勐腊,王蓉玉,1-70,1974/5/13
86140,红谷蝽,Pentatomidae,Gonopsis,coccinea,,(Walker),Gonopsis coccinea (Walker),云南,勐腊,云南勐腊,王蓉玉,1-70,1974/4/30
86141,红谷蝽,Pentatomidae,Gonopsis,coccinea,,(Walker),Gonopsis coccinea (Walker),云南,勐腊,云南勐腊,熊江,1-70,1974/5/8
86142,红谷蝽,Pentatomidae,Gonopsis,coccinea,,(Walker),Gonopsis coccinea (Walker),云南,曼庄,云南曼庄,甘运兴,1-70,1974/5/16
86143,红谷蝽,Pentatomidae,Gonopsis,coccinea,,(Walker),Gonopsis coccinea (Walker),云南,勐腊,云南勐腊,王蓉玉,1-70,1974/5/12
86144,红谷蝽,Pentatomidae,Gonopsis,coccinea,,(Walker),Gonopsis coccinea (Walker),云南,勐腊,云南勐腊,熊江,1-70,1974/7/7
86145,红谷蝽,Pentatomidae,Gonopsis,coccinea,,(Walker),Gonopsis coccinea (Walker),云南,新平,云南新平,熊、杨,1-70,1976/6/24
86146,红谷蝽,Pentatomidae,Gonopsis,coccinea,,(Walker),Gonopsis coccinea (Walker),云南,元江,云南元江,熊江,1-70,1978/7/27
86147,红谷蝽,Pentatomidae,Gonopsis,coccinea,,(Walker),Gonopsis coccinea (Walker),云南,勐腊,云南勐腊,熊江,1-70,1979/9/17
86148,红谷蝽,Pentatomidae,Gonopsis,coccinea,,(Walker),Gonopsis coccinea (Walker),云南,勐腊,云南勐腊,熊江,1-70,1979/9/17
86149,红谷蝽,Pentatomidae,Gonopsis,coccinea,,(Walker),Gonopsis coccinea (Walker),云南,勐腊,云南勐腊,熊江,1-70,1979/9/17
86150,红谷蝽,Pentatomidae,Gonopsis,coccinea,,(Walker),Gonopsis coccinea (Walker),云南,勐腊,云南勐腊,熊江,1-70,1979/9/17
86151,红谷蝽,Pentatomidae,Gonopsis,coccinea,,(Walker),Gonopsis coccinea (Walker),云南,勐腊,云南勐腊,熊江,1-70,1979/9/17
86152,红谷蝽,Pentatomidae,Gonopsis,coccinea,,(Walker),Gonopsis coccinea (Walker),云南,勐腊,云南勐腊,熊江,1-70,1979/9/16
86153,红谷蝽,Pentatomidae,Gonopsis,coccinea,,(Walker),Gonopsis coccinea (Walker),云南,景洪,云南景洪,杨大荣,1-70,1981/6/2
86154,红谷蝽,Pentatomidae,Gonopsis,coccinea,,(Walker),Gonopsis coccinea (Walker),云南,孟连,云南孟连,杨平之,1-70,1981/6/18
86155,红谷蝽,Pentatomidae,Gonopsis,coccinea,,(Walker),Gonopsis coccinea (Walker),云南,普洱,云南普洱,杨大荣,1-70,1981/7/17
86156,红谷蝽,Pentatomidae,Gonopsis,coccinea,,(Walker),Gonopsis coccinea (Walker),云南,勐海,云南勐海,杨大荣,1-70,1981/5/12
86157,红谷蝽,Pentatomidae,Gonopsis,coccinea,,(Walker),Gonopsis coccinea (Walker),云南,勐腊,云南勐腊,熊江,1-70,1982/5/28
86158,红谷蝽,Pentatomidae,Gonopsis,coccinea,,(Walker),Gonopsis coccinea (Walker),云南,怒江,云南怒江,董大志,1-70,1983/6/12
86159,红谷蝽,Pentatomidae,Gonopsis,coccinea,,(Walker),Gonopsis coccinea (Walker),云南,怒江,云南怒江,董大志,1-70,1983/6/11
86160,红谷蝽,Pentatomidae,Gonopsis,coccinea,,(Walker),Gonopsis coccinea (Walker),云南,福贡,云南福贡,杨大荣,1-70,1983/6/26
86161,红谷蝽,Pentatomidae,Gonopsis,coccinea,,(Walker),Gonopsis coccinea (Walker),云南,怒江,云南怒江,董大志,1-70,1983/6/11
86162,红谷蝽,Pentatomidae,Gonopsis,coccinea,,(Walker),Gonopsis coccinea (Walker),云南,勐腊,云南勐腊,熊江,1-70,1984/6/3
86163,红谷蝽,Pentatomidae,Gonopsis,coccinea,,(Walker),Gonopsis coccinea (Walker),云南,勐腊,云南勐腊,周又生,1-70,1984/6/6
86164,红谷蝽,Pentatomidae,Gonopsis,coccinea,,(Walker),Gonopsis coccinea (Walker),云南,勐腊,云南勐腊,周又生,1-70,1984/6/6
86165,红谷蝽,Pentatomidae,Gonopsis,coccinea,,(Walker),Gonopsis coccinea (Walker),云南,孟连,云南孟连,熊江,1-70,1984/6/14
86166,红谷蝽,Pentatomidae,Gonopsis,coccinea,,(Walker),Gonopsis coccinea (Walker),云南,勐伦,云南勐伦,,1-70,1984/7/19
86167,叉蝽,Pentatomidae,Cressona,valida,,Dallas,Cressona valida Dallas,云南,腾冲,云南腾冲,熊江,1-71,1981/9/30
86168,叉蝽,Pentatomidae,Cressona,valida,,Dallas,Cressona valida Dallas,云南,腾冲,云南腾冲,王吉先,1-71,1981/9/27
86169,叉蝽,Pentatomidae,Cressona,valida,,Dallas,Cressona valida Dallas,云南,腾冲,云南腾冲,熊江,1-71,1981/9/30
86170,叉蝽,Pentatomidae,Cressona,valida,,Dallas,Cressona valida Dallas,云南,腾冲,云南腾冲,熊江,1-71,1981/9/30
86171,叉蝽,Pentatomidae,Cressona,valida,,Dallas,Cressona valida Dallas,云南,思茅,云南思茅,李昌廉,1-71,1981/5/15
86172,叉蝽,Pentatomidae,Cressona,valida,,Dallas,Cressona valida Dallas,云南,墨江,云南墨江,刘胜利,1-71,1975/10/14
86173,叉蝽,Pentatomidae,Cressona,valida,,Dallas,Cressona valida Dallas,云南,屯冲,云南屯冲,熊江,1-71,1981/10/29
86174,叉蝽,Pentatomidae,Cressona,valida,,Dallas,Cressona valida Dallas,云南,临沧,云南临沧,林苏,1-71,1984/7/19
86175,叉蝽,Pentatomidae,Cressona,valida,,Dallas,Cressona valida Dallas,云南,屯冲,云南屯冲,熊江,1-71,1981/9/26
86176,叉蝽,Pentatomidae,Cressona,valida,,Dallas,Cressona valida Dallas,云南,思茅,云南思茅,李昌廉,1-71,1981/5/15
86177,叉蝽,Pentatomidae,Cressona,valida,,Dallas,Cressona valida Dallas,云南,普洱,云南普洱,杨大荣,1-71,1981/8/8
86178,叉蝽,Pentatomidae,Cressona,valida,,Dallas,Cressona valida Dallas,云南,思茅,云南思茅,肖宁年、熊江,1-71,1999/10/5
86179,叉蝽,Pentatomidae,Cressona,valida,,Dallas,Cressona valida Dallas,云南,孟仑,云南孟仑,鲁华平,1-71,1981/5/20
86180,叉蝽,Pentatomidae,Cressona,valida,,Dallas,Cressona valida Dallas,云南,瑞丽,云南瑞丽,熊江,1-71,1979/8/30
86181,叉蝽,Pentatomidae,Cressona,valida,,Dallas,Cressona valida Dallas,云南,瑞丽,云南瑞丽,熊江,1-71,2001/1/1
86182,叉蝽,Pentatomidae,Cressona,valida,,Dallas,Cressona valida Dallas,云南,孟仑,云南孟仑,赵彬,1-71,1985/5/26
86183,剪蝽,Pentatomidae,Diplorhinus,furcatus,,(Westwood),Diplorhinus furcatus (Westwood),云南,元江,云南元江,熊江,1-72,1978/1/19
86184,剪蝽,Pentatomidae,Diplorhinus,furcatus,,(Westwood),Diplorhinus furcatus (Westwood),云南,景洪,云南景洪,熊江,1-72,1982/5/17
86185,剪蝽,Pentatomidae,Diplorhinus,furcatus,,(Westwood),Diplorhinus furcatus (Westwood),贵州,背县,贵州背县,熊江,1-72,1983/7/16
86186,大皱蝽,Pentatomidae,Cyclopelta,obscura,,(Lepeletier & Serville),Cyclopelta obscura (Lepeletier & Serville),云南,瑞丽,云南瑞丽,鲁华平,1-73a,1981/10/15
86187,大皱蝽,Pentatomidae,Cyclopelta,obscura,,(Lepeletier & Serville),Cyclopelta obscura (Lepeletier & Serville),云南,瑞丽,云南瑞丽,鲁华平,1-73a,1981/10/15
86188,大皱蝽,Pentatomidae,Cyclopelta,obscura,,(Lepeletier & Serville),Cyclopelta obscura (Lepeletier & Serville),云南,瑞丽,云南瑞丽,鲁华平,1-73a,1981/10/15
86189,大皱蝽,Pentatomidae,Cyclopelta,obscura,,(Lepeletier & Serville),Cyclopelta obscura (Lepeletier & Serville),云南,瑞丽,云南瑞丽,鲁华平,1-73a,1981/10/15
86190,大皱蝽,Pentatomidae,Cyclopelta,obscura,,(Lepeletier & Serville),Cyclopelta obscura (Lepeletier & Serville),云南,瑞丽,云南瑞丽,鲁华平,1-73a,1981/10/15
86191,大皱蝽,Pentatomidae,Cyclopelta,obscura,,(Lepeletier & Serville),Cyclopelta obscura (Lepeletier & Serville),云南,瑞丽,云南瑞丽,鲁华平,1-73a,1981/10/15
86192,大皱蝽,Pentatomidae,Cyclopelta,obscura,,(Lepeletier & Serville),Cyclopelta obscura (Lepeletier & Serville),云南,瑞丽,云南瑞丽,鲁华平,1-73a,1981/10/15
86193,大皱蝽,Pentatomidae,Cyclopelta,obscura,,(Lepeletier & Serville),Cyclopelta obscura (Lepeletier & Serville),云南,瑞丽,云南瑞丽,鲁华平,1-73a,1981/10/15
86194,大皱蝽,Pentatomidae,Cyclopelta,obscura,,(Lepeletier & Serville),Cyclopelta obscura (Lepeletier & Serville),云南,瑞丽,云南瑞丽,鲁华平,1-73a,1981/10/15
86195,大皱蝽,Pentatomidae,Cyclopelta,obscura,,(Lepeletier & Serville),Cyclopelta obscura (Lepeletier & Serville),云南,瑞丽,云南瑞丽,鲁华平,1-73a,1981/10/15
86196,大皱蝽,Pentatomidae,Cyclopelta,obscura,,(Lepeletier & Serville),Cyclopelta obscura (Lepeletier & Serville),云南,瑞丽,云南瑞丽,鲁华平,1-73a,1981/10/15
86197,大皱蝽,Pentatomidae,Cyclopelta,obscura,,(Lepeletier & Serville),Cyclopelta obscura (Lepeletier & Serville),云南,瑞丽,云南瑞丽,鲁华平,1-73a,1981/10/15
86198,大皱蝽,Pentatomidae,Cyclopelta,obscura,,(Lepeletier & Serville),Cyclopelta obscura (Lepeletier & Serville),云南,瑞丽,云南瑞丽,鲁华平,1-73a,1981/10/15
86199,大皱蝽,Pentatomidae,Cyclopelta,obscura,,(Lepeletier & Serville),Cyclopelta obscura (Lepeletier & Serville),云南,瑞丽,云南瑞丽,鲁华平,1-73a,1981/10/15
86200,大皱蝽,Pentatomidae,Cyclopelta,obscura,,(Lepeletier & Serville),Cyclopelta obscura (Lepeletier & Serville),云南,瑞丽,云南瑞丽,鲁华平,1-73a,1981/10/15
86201,大皱蝽,Pentatomidae,Cyclopelta,obscura,,(Lepeletier & Serville),Cyclopelta obscura (Lepeletier & Serville),云南,瑞丽,云南瑞丽,鲁华平,1-73a,1981/10/15
86202,大皱蝽,Pentatomidae,Cyclopelta,obscura,,(Lepeletier & Serville),Cyclopelta obscura (Lepeletier & Serville),云南,瑞丽,云南瑞丽,鲁华平,1-73a,1981/10/15
86203,大皱蝽,Pentatomidae,Cyclopelta,obscura,,(Lepeletier & Serville),Cyclopelta obscura (Lepeletier & Serville),云南,瑞丽,云南瑞丽,鲁华平,1-73a,1981/10/15
86204,大皱蝽,Pentatomidae,Cyclopelta,obscura,,(Lepeletier & Serville),Cyclopelta obscura (Lepeletier & Serville),云南,瑞丽,云南瑞丽,鲁华平,1-73a,1981/10/15
86205,大皱蝽,Pentatomidae,Cyclopelta,obscura,,(Lepeletier & Serville),Cyclopelta obscura (Lepeletier & Serville),云南,瑞丽,云南瑞丽,鲁华平,1-73a,1981/10/15
86206,大皱蝽,Pentatomidae,Cyclopelta,obscura,,(Lepeletier & Serville),Cyclopelta obscura (Lepeletier & Serville),云南,瑞丽,云南瑞丽,鲁华平,1-73a,1981/10/15
86207,大皱蝽,Pentatomidae,Cyclopelta,obscura,,(Lepeletier & Serville),Cyclopelta obscura (Lepeletier & Serville),云南,瑞丽,云南瑞丽,鲁华平,1-73a,1981/10/15
86208,大皱蝽,Pentatomidae,Cyclopelta,obscura,,(Lepeletier & Serville),Cyclopelta obscura (Lepeletier & Serville),云南,瑞丽,云南瑞丽,鲁华平,1-73a,1981/10/15
86209,大皱蝽,Pentatomidae,Cyclopelta,obscura,,(Lepeletier & Serville),Cyclopelta obscura (Lepeletier & Serville),云南,瑞丽,云南瑞丽,鲁华平,1-73a,1981/10/15
86210,大皱蝽,Pentatomidae,Cyclopelta,obscura,,(Lepeletier & Serville),Cyclopelta obscura (Lepeletier & Serville),云南,瑞丽,云南瑞丽,鲁华平,1-73a,1981/10/15
86211,大皱蝽,Pentatomidae,Cyclopelta,obscura,,(Lepeletier & Serville),Cyclopelta obscura (Lepeletier & Serville),云南,瑞丽,云南瑞丽,鲁华平,1-73a,1981/10/15
86212,大皱蝽,Pentatomidae,Cyclopelta,obscura,,(Lepeletier & Serville),Cyclopelta obscura (Lepeletier & Serville),云南,瑞丽,云南瑞丽,鲁华平,1-73a,1981/10/15
86213,大皱蝽,Pentatomidae,Cyclopelta,obscura,,(Lepeletier & Serville),Cyclopelta obscura (Lepeletier & Serville),云南,瑞丽,云南瑞丽,鲁华平,1-73a,1981/10/15
86214,大皱蝽,Pentatomidae,Cyclopelta,obscura,,(Lepeletier & Serville),Cyclopelta obscura (Lepeletier & Serville),云南,瑞丽,云南瑞丽,鲁华平,1-73a,1981/10/15
86215,大皱蝽,Pentatomidae,Cyclopelta,obscura,,(Lepeletier & Serville),Cyclopelta obscura (Lepeletier & Serville),云南,瑞丽,云南瑞丽,鲁华平,1-73a,1981/10/15
86216,大皱蝽,Pentatomidae,Cyclopelta,obscura,,(Lepeletier & Serville),Cyclopelta obscura (Lepeletier & Serville),云南,瑞丽,云南瑞丽,鲁华平,1-73a,1981/10/15
86217,大皱蝽,Pentatomidae,Cyclopelta,obscura,,(Lepeletier & Serville),Cyclopelta obscura (Lepeletier & Serville),云南,瑞丽,云南瑞丽,鲁华平,1-73a,1981/10/15
86218,大皱蝽,Pentatomidae,Cyclopelta,obscura,,(Lepeletier & Serville),Cyclopelta obscura (Lepeletier & Serville),云南,瑞丽,云南瑞丽,鲁华平,1-73a,1981/10/15
86219,大皱蝽,Pentatomidae,Cyclopelta,obscura,,(Lepeletier & Serville),Cyclopelta obscura (Lepeletier & Serville),云南,瑞丽,云南瑞丽,鲁华平,1-73a,1981/10/15
86220,大皱蝽,Pentatomidae,Cyclopelta,obscura,,(Lepeletier & Serville),Cyclopelta obscura (Lepeletier & Serville),云南,瑞丽,云南瑞丽,鲁华平,1-73a,1981/10/15
86221,大皱蝽,Pentatomidae,Cyclopelta,obscura,,(Lepeletier & Serville),Cyclopelta obscura (Lepeletier & Serville),云南,瑞丽,云南瑞丽,鲁华平,1-73a,1981/10/15
86222,大皱蝽,Pentatomidae,Cyclopelta,obscura,,(Lepeletier & Serville),Cyclopelta obscura (Lepeletier & Serville),云南,瑞丽,云南瑞丽,鲁华平,1-73a,1981/10/15
86223,大皱蝽,Pentatomidae,Cyclopelta,obscura,,(Lepeletier & Serville),Cyclopelta obscura (Lepeletier & Serville),云南,瑞丽,云南瑞丽,鲁华平,1-73a,1981/10/15
86224,大皱蝽,Pentatomidae,Cyclopelta,obscura,,(Lepeletier & Serville),Cyclopelta obscura (Lepeletier & Serville),云南,瑞丽,云南瑞丽,鲁华平,1-73a,1981/10/15
86225,大皱蝽,Pentatomidae,Cyclopelta,obscura,,(Lepeletier & Serville),Cyclopelta obscura (Lepeletier & Serville),云南,瑞丽,云南瑞丽,鲁华平,1-73a,1981/10/15
86226,大皱蝽,Pentatomidae,Cyclopelta,obscura,,(Lepeletier & Serville),Cyclopelta obscura (Lepeletier & Serville),云南,瑞丽,云南瑞丽,鲁华平,1-73a,1981/10/15
86227,大皱蝽,Pentatomidae,Cyclopelta,obscura,,(Lepeletier & Serville),Cyclopelta obscura (Lepeletier & Serville),云南,瑞丽,云南瑞丽,鲁华平,1-73a,1981/10/15
86228,大皱蝽,Pentatomidae,Cyclopelta,obscura,,(Lepeletier & Serville),Cyclopelta obscura (Lepeletier & Serville),云南,盈江,云南盈江,熊江,1-73a,1981/10/4
86229,大皱蝽,Pentatomidae,Cyclopelta,obscura,,(Lepeletier & Serville),Cyclopelta obscura (Lepeletier & Serville),云南,盈江,云南盈江,熊江,1-73a,1981/10/4
86230,大皱蝽,Pentatomidae,Cyclopelta,obscura,,(Lepeletier & Serville),Cyclopelta obscura (Lepeletier & Serville),云南,盈江,云南盈江,熊江,1-73a,1981/10/4
86231,大皱蝽,Pentatomidae,Cyclopelta,obscura,,(Lepeletier & Serville),Cyclopelta obscura (Lepeletier & Serville),云南,盈江,云南盈江,熊江,1-73a,1981/10/4
86232,大皱蝽,Pentatomidae,Cyclopelta,obscura,,(Lepeletier & Serville),Cyclopelta obscura (Lepeletier & Serville),云南,盈江,云南盈江,熊江,1-73a,1981/10/4
86233,大皱蝽,Pentatomidae,Cyclopelta,obscura,,(Lepeletier & Serville),Cyclopelta obscura (Lepeletier & Serville),云南,盈江,云南盈江,熊江,1-73a,1981/10/4
86234,大皱蝽,Pentatomidae,Cyclopelta,obscura,,(Lepeletier & Serville),Cyclopelta obscura (Lepeletier & Serville),云南,盈江,云南盈江,熊江,1-73a,1981/10/4
86235,大皱蝽,Pentatomidae,Cyclopelta,obscura,,(Lepeletier & Serville),Cyclopelta obscura (Lepeletier & Serville),云南,盈江,云南盈江,熊江,1-73a,1981/10/4
86236,大皱蝽,Pentatomidae,Cyclopelta,obscura,,(Lepeletier & Serville),Cyclopelta obscura (Lepeletier & Serville),云南,盈江,云南盈江,熊江,1-73a,1981/10/4
86237,大皱蝽,Pentatomidae,Cyclopelta,obscura,,(Lepeletier & Serville),Cyclopelta obscura (Lepeletier & Serville),云南,盈江,云南盈江,熊江,1-73a,1981/10/4
86238,大皱蝽,Pentatomidae,Cyclopelta,obscura,,(Lepeletier & Serville),Cyclopelta obscura (Lepeletier & Serville),云南,盈江,云南盈江,熊江,1-73a,1981/10/4
86239,大皱蝽,Pentatomidae,Cyclopelta,obscura,,(Lepeletier & Serville),Cyclopelta obscura (Lepeletier & Serville),云南,盈江,云南盈江,熊江,1-73a,1981/10/4
86240,大皱蝽,Pentatomidae,Cyclopelta,obscura,,(Lepeletier & Serville),Cyclopelta obscura (Lepeletier & Serville),云南,盈江,云南盈江,熊江,1-73a,1981/10/4
86241,大皱蝽,Pentatomidae,Cyclopelta,obscura,,(Lepeletier & Serville),Cyclopelta obscura (Lepeletier & Serville),云南,盈江,云南盈江,熊江,1-73a,1981/10/4
86242,大皱蝽,Pentatomidae,Cyclopelta,obscura,,(Lepeletier & Serville),Cyclopelta obscura (Lepeletier & Serville),云南,盈江,云南盈江,熊江,1-73a,1981/10/4
86243,大皱蝽,Pentatomidae,Cyclopelta,obscura,,(Lepeletier & Serville),Cyclopelta obscura (Lepeletier & Serville),云南,盈江,云南盈江,熊江,1-73a,1981/10/4
86244,大皱蝽,Pentatomidae,Cyclopelta,obscura,,(Lepeletier & Serville),Cyclopelta obscura (Lepeletier & Serville),云南,盈江,云南盈江,熊江,1-73a,1981/10/4
86245,大皱蝽,Pentatomidae,Cyclopelta,obscura,,(Lepeletier & Serville),Cyclopelta obscura (Lepeletier & Serville),云南,盈江,云南盈江,熊江,1-73a,1981/10/4
86246,大皱蝽,Pentatomidae,Cyclopelta,obscura,,(Lepeletier & Serville),Cyclopelta obscura (Lepeletier & Serville),云南,盈江,云南盈江,熊江,1-73a,1981/10/4
86247,大皱蝽,Pentatomidae,Cyclopelta,obscura,,(Lepeletier & Serville),Cyclopelta obscura (Lepeletier & Serville),云南,盈江,云南盈江,熊江,1-73a,1981/10/4
86248,大皱蝽,Pentatomidae,Cyclopelta,obscura,,(Lepeletier & Serville),Cyclopelta obscura (Lepeletier & Serville),云南,盈江,云南盈江,熊江,1-73a,1981/10/4
86249,大皱蝽,Pentatomidae,Cyclopelta,obscura,,(Lepeletier & Serville),Cyclopelta obscura (Lepeletier & Serville),云南,盈江,云南盈江,熊江,1-73a,1981/10/4
86250,大皱蝽,Pentatomidae,Cyclopelta,obscura,,(Lepeletier & Serville),Cyclopelta obscura (Lepeletier & Serville),云南,盈江,云南盈江,熊江,1-73a,1981/10/4
86251,大皱蝽,Pentatomidae,Cyclopelta,obscura,,(Lepeletier & Serville),Cyclopelta obscura (Lepeletier & Serville),云南,盈江,云南盈江,熊江,1-73a,1981/10/4
86252,大皱蝽,Pentatomidae,Cyclopelta,obscura,,(Lepeletier & Serville),Cyclopelta obscura (Lepeletier & Serville),云南,盈江,云南盈江,熊江,1-73a,1981/10/4
86253,大皱蝽,Pentatomidae,Cyclopelta,obscura,,(Lepeletier & Serville),Cyclopelta obscura (Lepeletier & Serville),云南,盈江,云南盈江,熊江,1-73a,1981/10/4
86254,大皱蝽,Pentatomidae,Cyclopelta,obscura,,(Lepeletier & Serville),Cyclopelta obscura (Lepeletier & Serville),云南,盈江,云南盈江,熊江,1-73a,1981/10/4
86255,大皱蝽,Pentatomidae,Cyclopelta,obscura,,(Lepeletier & Serville),Cyclopelta obscura (Lepeletier & Serville),云南,盈江,云南盈江,熊江,1-73a,1981/10/4
86256,大皱蝽,Pentatomidae,Cyclopelta,obscura,,(Lepeletier & Serville),Cyclopelta obscura (Lepeletier & Serville),云南,盈江,云南盈江,熊江,1-73a,1981/10/4
86257,大皱蝽,Pentatomidae,Cyclopelta,obscura,,(Lepeletier & Serville),Cyclopelta obscura (Lepeletier & Serville),云南,盈江,云南盈江,熊江,1-73,1981/10/4
86258,大皱蝽,Pentatomidae,Cyclopelta,obscura,,(Lepeletier & Serville),Cyclopelta obscura (Lepeletier & Serville),云南,盈江,云南盈江,熊江,1-73,1981/10/4
86259,大皱蝽,Pentatomidae,Cyclopelta,obscura,,(Lepeletier & Serville),Cyclopelta obscura (Lepeletier & Serville),云南,盈江,云南盈江,熊江,1-73,1981/10/4
86260,大皱蝽,Pentatomidae,Cyclopelta,obscura,,(Lepeletier & Serville),Cyclopelta obscura (Lepeletier & Serville),云南,盈江,云南盈江,熊江,1-73,1981/10/4
86261,大皱蝽,Pentatomidae,Cyclopelta,obscura,,(Lepeletier & Serville),Cyclopelta obscura (Lepeletier & Serville),云南,盈江,云南盈江,熊江,1-73,1981/10/4
86262,大皱蝽,Pentatomidae,Cyclopelta,obscura,,(Lepeletier & Serville),Cyclopelta obscura (Lepeletier & Serville),云南,盈江,云南盈江,熊江,1-73,1981/10/4
86263,大皱蝽,Pentatomidae,Cyclopelta,obscura,,(Lepeletier & Serville),Cyclopelta obscura (Lepeletier & Serville),云南,盈江,云南盈江,熊江,1-73,1981/10/4
86264,大皱蝽,Pentatomidae,Cyclopelta,obscura,,(Lepeletier & Serville),Cyclopelta obscura (Lepeletier & Serville),云南,盈江,云南盈江,熊江,1-73,1981/10/4
86265,大皱蝽,Pentatomidae,Cyclopelta,obscura,,(Lepeletier & Serville),Cyclopelta obscura (Lepeletier & Serville),云南,盈江,云南盈江,熊江,1-73,1981/10/4
86266,大皱蝽,Pentatomidae,Cyclopelta,obscura,,(Lepeletier & Serville),Cyclopelta obscura (Lepeletier & Serville),云南,盈江,云南盈江,熊江,1-73,1981/10/4
86267,大皱蝽,Pentatomidae,Cyclopelta,obscura,,(Lepeletier & Serville),Cyclopelta obscura (Lepeletier & Serville),云南,盈江,云南盈江,熊江,1-73,1981/10/4
86268,大皱蝽,Pentatomidae,Cyclopelta,obscura,,(Lepeletier & Serville),Cyclopelta obscura (Lepeletier & Serville),云南,盈江,云南盈江,熊江,1-73,1981/10/4
86269,大皱蝽,Pentatomidae,Cyclopelta,obscura,,(Lepeletier & Serville),Cyclopelta obscura (Lepeletier & Serville),云南,盈江,云南盈江,熊江,1-73,1981/10/4
86270,大皱蝽,Pentatomidae,Cyclopelta,obscura,,(Lepeletier & Serville),Cyclopelta obscura (Lepeletier & Serville),云南,盈江,云南盈江,熊江,1-73,1981/10/4
86271,大皱蝽,Pentatomidae,Cyclopelta,obscura,,(Lepeletier & Serville),Cyclopelta obscura (Lepeletier & Serville),云南,盈江,云南盈江,熊江,1-73,1981/10/4
86272,大皱蝽,Pentatomidae,Cyclopelta,obscura,,(Lepeletier & Serville),Cyclopelta obscura (Lepeletier & Serville),云南,盈江,云南盈江,熊江,1-73,1981/10/4
86273,大皱蝽,Pentatomidae,Cyclopelta,obscura,,(Lepeletier & Serville),Cyclopelta obscura (Lepeletier & Serville),云南,盈江,云南盈江,熊江,1-73,1981/10/4
86274,大皱蝽,Pentatomidae,Cyclopelta,obscura,,(Lepeletier & Serville),Cyclopelta obscura (Lepeletier & Serville),云南,盈江,云南盈江,熊江,1-73,1981/10/4
86275,大皱蝽,Pentatomidae,Cyclopelta,obscura,,(Lepeletier & Serville),Cyclopelta obscura (Lepeletier & Serville),云南,盈江,云南盈江,熊江,1-73,1981/10/4
86276,大皱蝽,Pentatomidae,Cyclopelta,obscura,,(Lepeletier & Serville),Cyclopelta obscura (Lepeletier & Serville),云南,盈江,云南盈江,熊江,1-73,1981/10/4
86277,大皱蝽,Pentatomidae,Cyclopelta,obscura,,(Lepeletier & Serville),Cyclopelta obscura (Lepeletier & Serville),云南,瑞丽,云南瑞丽,熊江,1-73,1981/10/15
86278,大皱蝽,Pentatomidae,Cyclopelta,obscura,,(Lepeletier & Serville),Cyclopelta obscura (Lepeletier & Serville),云南,瑞丽,云南瑞丽,熊江,1-73,1981/10/15
86279,大皱蝽,Pentatomidae,Cyclopelta,obscura,,(Lepeletier & Serville),Cyclopelta obscura (Lepeletier & Serville),云南,瑞丽,云南瑞丽,熊江,1-73,1981/10/15
86280,大皱蝽,Pentatomidae,Cyclopelta,obscura,,(Lepeletier & Serville),Cyclopelta obscura (Lepeletier & Serville),云南,瑞丽,云南瑞丽,熊江,1-73,1981/10/15
86281,大皱蝽,Pentatomidae,Cyclopelta,obscura,,(Lepeletier & Serville),Cyclopelta obscura (Lepeletier & Serville),云南,瑞丽,云南瑞丽,熊江,1-73,1981/10/15
86282,大皱蝽,Pentatomidae,Cyclopelta,obscura,,(Lepeletier & Serville),Cyclopelta obscura (Lepeletier & Serville),云南,瑞丽,云南瑞丽,熊江,1-73,1981/10/15
86283,大皱蝽,Pentatomidae,Cyclopelta,obscura,,(Lepeletier & Serville),Cyclopelta obscura (Lepeletier & Serville),云南,瑞丽,云南瑞丽,熊江,1-73,1981/10/15
86284,大皱蝽,Pentatomidae,Cyclopelta,obscura,,(Lepeletier & Serville),Cyclopelta obscura (Lepeletier & Serville),云南,瑞丽,云南瑞丽,熊江,1-73,1981/10/15
86285,大皱蝽,Pentatomidae,Cyclopelta,obscura,,(Lepeletier & Serville),Cyclopelta obscura (Lepeletier & Serville),云南,瑞丽,云南瑞丽,熊江,1-73,1981/10/15
86286,大皱蝽,Pentatomidae,Cyclopelta,obscura,,(Lepeletier & Serville),Cyclopelta obscura (Lepeletier & Serville),云南,瑞丽,云南瑞丽,熊江,1-73,1981/10/15
86287,大皱蝽,Pentatomidae,Cyclopelta,obscura,,(Lepeletier & Serville),Cyclopelta obscura (Lepeletier & Serville),云南,瑞丽,云南瑞丽,熊江,1-73,1981/10/15
86288,大皱蝽,Pentatomidae,Cyclopelta,obscura,,(Lepeletier & Serville),Cyclopelta obscura (Lepeletier & Serville),云南,瑞丽,云南瑞丽,熊江,1-73,1981/10/15
86289,大皱蝽,Pentatomidae,Cyclopelta,obscura,,(Lepeletier & Serville),Cyclopelta obscura (Lepeletier & Serville),云南,瑞丽,云南瑞丽,熊江,1-73,1981/10/15
86290,大皱蝽,Pentatomidae,Cyclopelta,obscura,,(Lepeletier & Serville),Cyclopelta obscura (Lepeletier & Serville),云南,瑞丽,云南瑞丽,熊江,1-73,1981/10/15
86291,大皱蝽,Pentatomidae,Cyclopelta,obscura,,(Lepeletier & Serville),Cyclopelta obscura (Lepeletier & Serville),云南,瑞丽,云南瑞丽,熊江,1-73,1981/10/15
86292,大皱蝽,Pentatomidae,Cyclopelta,obscura,,(Lepeletier & Serville),Cyclopelta obscura (Lepeletier & Serville),云南,瑞丽,云南瑞丽,熊江,1-73,1981/10/15
86293,大皱蝽,Pentatomidae,Cyclopelta,obscura,,(Lepeletier & Serville),Cyclopelta obscura (Lepeletier & Serville),云南,瑞丽,云南瑞丽,熊江,1-73,1981/10/15
86294,大皱蝽,Pentatomidae,Cyclopelta,obscura,,(Lepeletier & Serville),Cyclopelta obscura (Lepeletier & Serville),云南,瑞丽,云南瑞丽,熊江,1-73,1981/10/15
86295,大皱蝽,Pentatomidae,Cyclopelta,obscura,,(Lepeletier & Serville),Cyclopelta obscura (Lepeletier & Serville),云南,瑞丽,云南瑞丽,熊江,1-73,1981/10/15
86296,大皱蝽,Pentatomidae,Cyclopelta,obscura,,(Lepeletier & Serville),Cyclopelta obscura (Lepeletier & Serville),云南,瑞丽,云南瑞丽,熊江,1-73,1981/10/15
86297,大皱蝽,Pentatomidae,Cyclopelta,obscura,,(Lepeletier & Serville),Cyclopelta obscura (Lepeletier & Serville),云南,瑞丽,云南瑞丽,熊江,1-73,1981/10/15
86298,大皱蝽,Pentatomidae,Cyclopelta,obscura,,(Lepeletier & Serville),Cyclopelta obscura (Lepeletier & Serville),云南,瑞丽,云南瑞丽,熊江,1-73,1981/10/15
86299,大皱蝽,Pentatomidae,Cyclopelta,obscura,,(Lepeletier & Serville),Cyclopelta obscura (Lepeletier & Serville),云南,瑞丽,云南瑞丽,熊江,1-73,1981/10/15
86300,大皱蝽,Pentatomidae,Cyclopelta,obscura,,(Lepeletier & Serville),Cyclopelta obscura (Lepeletier & Serville),云南,瑞丽,云南瑞丽,熊江,1-73,1981/10/15
86301,大皱蝽,Pentatomidae,Cyclopelta,obscura,,(Lepeletier & Serville),Cyclopelta obscura (Lepeletier & Serville),云南,瑞丽,云南瑞丽,熊江,1-73,1981/10/15
86302,大皱蝽,Pentatomidae,Cyclopelta,obscura,,(Lepeletier & Serville),Cyclopelta obscura (Lepeletier & Serville),云南,瑞丽,云南瑞丽,熊江,1-73,1981/10/15
86303,大皱蝽,Pentatomidae,Cyclopelta,obscura,,(Lepeletier & Serville),Cyclopelta obscura (Lepeletier & Serville),云南,瑞丽,云南瑞丽,熊江,1-73,1981/10/15
86304,大皱蝽,Pentatomidae,Cyclopelta,obscura,,(Lepeletier & Serville),Cyclopelta obscura (Lepeletier & Serville),云南,瑞丽,云南瑞丽,熊江,1-74,1981/10/15
86305,大皱蝽,Pentatomidae,Cyclopelta,obscura,,(Lepeletier & Serville),Cyclopelta obscura (Lepeletier & Serville),云南,瑞丽,云南瑞丽,熊江,1-74,1981/10/15
86306,大皱蝽,Pentatomidae,Cyclopelta,obscura,,(Lepeletier & Serville),Cyclopelta obscura (Lepeletier & Serville),云南,瑞丽,云南瑞丽,熊江,1-74,1981/10/15
86307,大皱蝽,Pentatomidae,Cyclopelta,obscura,,(Lepeletier & Serville),Cyclopelta obscura (Lepeletier & Serville),云南,瑞丽,云南瑞丽,熊江,1-74,1981/10/15
86308,大皱蝽,Pentatomidae,Cyclopelta,obscura,,(Lepeletier & Serville),Cyclopelta obscura (Lepeletier & Serville),云南,瑞丽,云南瑞丽,熊江,1-74,1981/10/20
86309,大皱蝽,Pentatomidae,Cyclopelta,obscura,,(Lepeletier & Serville),Cyclopelta obscura (Lepeletier & Serville),云南,瑞丽,云南瑞丽,熊江,1-74,1981/10/19
86310,大皱蝽,Pentatomidae,Cyclopelta,obscura,,(Lepeletier & Serville),Cyclopelta obscura (Lepeletier & Serville),云南,瑞丽,云南瑞丽,熊江,1-74,1981/10/19
86311,大皱蝽,Pentatomidae,Cyclopelta,obscura,,(Lepeletier & Serville),Cyclopelta obscura (Lepeletier & Serville),云南,瑞丽,云南瑞丽,熊江,1-74,1981/10/19
86312,大皱蝽,Pentatomidae,Cyclopelta,obscura,,(Lepeletier & Serville),Cyclopelta obscura (Lepeletier & Serville),云南,瑞丽,云南瑞丽,熊江,1-74,1981/10/19
86313,大皱蝽,Pentatomidae,Cyclopelta,obscura,,(Lepeletier & Serville),Cyclopelta obscura (Lepeletier & Serville),云南,瑞丽,云南瑞丽,熊江,1-74,1981/10/19
86314,大皱蝽,Pentatomidae,Cyclopelta,obscura,,(Lepeletier & Serville),Cyclopelta obscura (Lepeletier & Serville),云南,瑞丽,云南瑞丽,熊江,1-74,1981/10/19
86315,大皱蝽,Pentatomidae,Cyclopelta,obscura,,(Lepeletier & Serville),Cyclopelta obscura (Lepeletier & Serville),云南,瑞丽,云南瑞丽,熊江,1-74,1981/10/19
86316,大皱蝽,Pentatomidae,Cyclopelta,obscura,,(Lepeletier & Serville),Cyclopelta obscura (Lepeletier & Serville),云南,瑞丽,云南瑞丽,熊江,1-74,1981/10/19
86317,大皱蝽,Pentatomidae,Cyclopelta,obscura,,(Lepeletier & Serville),Cyclopelta obscura (Lepeletier & Serville),云南,瑞丽,云南瑞丽,熊江,1-74,1981/10/19
86318,大皱蝽,Pentatomidae,Cyclopelta,obscura,,(Lepeletier & Serville),Cyclopelta obscura (Lepeletier & Serville),云南,瑞丽,云南瑞丽,熊江,1-74,1981/10/19
86319,大皱蝽,Pentatomidae,Cyclopelta,obscura,,(Lepeletier & Serville),Cyclopelta obscura (Lepeletier & Serville),云南,瑞丽,云南瑞丽,熊江,1-74,1981/10/19
86320,大皱蝽,Pentatomidae,Cyclopelta,obscura,,(Lepeletier & Serville),Cyclopelta obscura (Lepeletier & Serville),云南,瑞丽,云南瑞丽,熊江,1-74,1981/10/19
86321,大皱蝽,Pentatomidae,Cyclopelta,obscura,,(Lepeletier & Serville),Cyclopelta obscura (Lepeletier & Serville),云南,瑞丽,云南瑞丽,熊江,1-74,1981/10/19
86322,大皱蝽,Pentatomidae,Cyclopelta,obscura,,(Lepeletier & Serville),Cyclopelta obscura (Lepeletier & Serville),云南,瑞丽,云南瑞丽,熊江,1-74,1981/10/19
86323,大皱蝽,Pentatomidae,Cyclopelta,obscura,,(Lepeletier & Serville),Cyclopelta obscura (Lepeletier & Serville),云南,瑞丽,云南瑞丽,熊江,1-74,1981/10/19
86324,大皱蝽,Pentatomidae,Cyclopelta,obscura,,(Lepeletier & Serville),Cyclopelta obscura (Lepeletier & Serville),云南,瑞丽,云南瑞丽,熊江,1-74,1981/10/19
86325,大皱蝽,Pentatomidae,Cyclopelta,obscura,,(Lepeletier & Serville),Cyclopelta obscura (Lepeletier & Serville),云南,瑞丽,云南瑞丽,熊江,1-74,1981/10/19
86326,大皱蝽,Pentatomidae,Cyclopelta,obscura,,(Lepeletier & Serville),Cyclopelta obscura (Lepeletier & Serville),云南,瑞丽,云南瑞丽,熊江,1-74,1981/10/19
86327,大皱蝽,Pentatomidae,Cyclopelta,obscura,,(Lepeletier & Serville),Cyclopelta obscura (Lepeletier & Serville),云南,瑞丽,云南瑞丽,熊江,1-74,1981/10/19
86328,大皱蝽,Pentatomidae,Cyclopelta,obscura,,(Lepeletier & Serville),Cyclopelta obscura (Lepeletier & Serville),云南,瑞丽,云南瑞丽,沈发荣,1-74,1981/10/15
86329,大皱蝽,Pentatomidae,Cyclopelta,obscura,,(Lepeletier & Serville),Cyclopelta obscura (Lepeletier & Serville),云南,瑞丽,云南瑞丽,沈发荣,1-74,1981/10/15
86330,大皱蝽,Pentatomidae,Cyclopelta,obscura,,(Lepeletier & Serville),Cyclopelta obscura (Lepeletier & Serville),云南,瑞丽,云南瑞丽,沈发荣,1-74,1981/10/15
86331,大皱蝽,Pentatomidae,Cyclopelta,obscura,,(Lepeletier & Serville),Cyclopelta obscura (Lepeletier & Serville),云南,瑞丽,云南瑞丽,沈发荣,1-74,1981/10/15
86332,大皱蝽,Pentatomidae,Cyclopelta,obscura,,(Lepeletier & Serville),Cyclopelta obscura (Lepeletier & Serville),云南,瑞丽,云南瑞丽,沈发荣,1-74,1981/10/15
86333,大皱蝽,Pentatomidae,Cyclopelta,obscura,,(Lepeletier & Serville),Cyclopelta obscura (Lepeletier & Serville),云南,瑞丽,云南瑞丽,沈发荣,1-74,1981/10/15
86334,大皱蝽,Pentatomidae,Cyclopelta,obscura,,(Lepeletier & Serville),Cyclopelta obscura (Lepeletier & Serville),云南,瑞丽,云南瑞丽,沈发荣,1-74,1981/10/15
86335,大皱蝽,Pentatomidae,Cyclopelta,obscura,,(Lepeletier & Serville),Cyclopelta obscura (Lepeletier & Serville),云南,瑞丽,云南瑞丽,沈发荣,1-74,1981/10/15
86336,大皱蝽,Pentatomidae,Cyclopelta,obscura,,(Lepeletier & Serville),Cyclopelta obscura (Lepeletier & Serville),云南,瑞丽,云南瑞丽,沈发荣,1-74,1981/10/15
86337,大皱蝽,Pentatomidae,Cyclopelta,obscura,,(Lepeletier & Serville),Cyclopelta obscura (Lepeletier & Serville),云南,瑞丽,云南瑞丽,沈发荣,1-74,1981/10/15
86338,大皱蝽,Pentatomidae,Cyclopelta,obscura,,(Lepeletier & Serville),Cyclopelta obscura (Lepeletier & Serville),云南,瑞丽,云南瑞丽,沈发荣,1-74,1981/10/15
86339,大皱蝽,Pentatomidae,Cyclopelta,obscura,,(Lepeletier & Serville),Cyclopelta obscura (Lepeletier & Serville),云南,瑞丽,云南瑞丽,沈发荣,1-74,1981/10/15
86340,大皱蝽,Pentatomidae,Cyclopelta,obscura,,(Lepeletier & Serville),Cyclopelta obscura (Lepeletier & Serville),云南,瑞丽,云南瑞丽,沈发荣,1-74,1981/10/15
86341,大皱蝽,Pentatomidae,Cyclopelta,obscura,,(Lepeletier & Serville),Cyclopelta obscura (Lepeletier & Serville),云南,瑞丽,云南瑞丽,沈发荣,1-74,1981/10/15
86342,大皱蝽,Pentatomidae,Cyclopelta,obscura,,(Lepeletier & Serville),Cyclopelta obscura (Lepeletier & Serville),云南,瑞丽,云南瑞丽,沈发荣,1-74,1981/10/15
86343,大皱蝽,Pentatomidae,Cyclopelta,obscura,,(Lepeletier & Serville),Cyclopelta obscura (Lepeletier & Serville),云南,瑞丽,云南瑞丽,沈发荣,1-74,1981/10/15
86344,大皱蝽,Pentatomidae,Cyclopelta,obscura,,(Lepeletier & Serville),Cyclopelta obscura (Lepeletier & Serville),云南,盈江,云南盈江,周又生,1-74,1981/10/4
86345,大皱蝽,Pentatomidae,Cyclopelta,obscura,,(Lepeletier & Serville),Cyclopelta obscura (Lepeletier & Serville),云南,盈江,云南盈江,周又生,1-74,1981/10/4
86346,大皱蝽,Pentatomidae,Cyclopelta,obscura,,(Lepeletier & Serville),Cyclopelta obscura (Lepeletier & Serville),云南,盈江,云南盈江,周又生,1-74,1981/10/4
86347,大皱蝽,Pentatomidae,Cyclopelta,obscura,,(Lepeletier & Serville),Cyclopelta obscura (Lepeletier & Serville),云南,盈江,云南盈江,周又生,1-74,1981/10/4
86348,大皱蝽,Pentatomidae,Cyclopelta,obscura,,(Lepeletier & Serville),Cyclopelta obscura (Lepeletier & Serville),云南,盈江,云南盈江,周又生,1-74,1981/10/4
86349,大皱蝽,Pentatomidae,Cyclopelta,obscura,,(Lepeletier & Serville),Cyclopelta obscura (Lepeletier & Serville),云南,盈江,云南盈江,周又生,1-74,1981/10/4
86350,大皱蝽,Pentatomidae,Cyclopelta,obscura,,(Lepeletier & Serville),Cyclopelta obscura (Lepeletier & Serville),云南,盈江,云南盈江,周又生,1-74,1981/10/4
86351,大皱蝽,Pentatomidae,Cyclopelta,obscura,,(Lepeletier & Serville),Cyclopelta obscura (Lepeletier & Serville),云南,盈江,云南盈江,周又生,1-74,1981/10/4
86352,大皱蝽,Pentatomidae,Cyclopelta,obscura,,(Lepeletier & Serville),Cyclopelta obscura (Lepeletier & Serville),云南,盈江,云南盈江,周又生,1-74,1981/10/4
86353,大皱蝽,Pentatomidae,Cyclopelta,obscura,,(Lepeletier & Serville),Cyclopelta obscura (Lepeletier & Serville),云南,盈江,云南盈江,周又生,1-74,1981/10/4
86354,大皱蝽,Pentatomidae,Cyclopelta,obscura,,(Lepeletier & Serville),Cyclopelta obscura (Lepeletier & Serville),云南,盈江,云南盈江,周又生,1-74,1981/10/4
86355,大皱蝽,Pentatomidae,Cyclopelta,obscura,,(Lepeletier & Serville),Cyclopelta obscura (Lepeletier & Serville),云南,盈江,云南盈江,周又生,1-74,1981/10/1
86356,大皱蝽,Pentatomidae,Cyclopelta,obscura,,(Lepeletier & Serville),Cyclopelta obscura (Lepeletier & Serville),云南,盈江,云南盈江,周又生,1-74,1981/10/4
86357,大皱蝽,Pentatomidae,Cyclopelta,obscura,,(Lepeletier & Serville),Cyclopelta obscura (Lepeletier & Serville),云南,盈江,云南盈江,周又生,1-74,1981/10/4
86358,大皱蝽,Pentatomidae,Cyclopelta,obscura,,(Lepeletier & Serville),Cyclopelta obscura (Lepeletier & Serville),云南,盈江,云南盈江,周又生,1-74,1981/10/4
86359,大皱蝽,Pentatomidae,Cyclopelta,obscura,,(Lepeletier & Serville),Cyclopelta obscura (Lepeletier & Serville),云南,瑞丽,云南瑞丽,姚凯选,1-74,1981/10/17
86360,大皱蝽,Pentatomidae,Cyclopelta,obscura,,(Lepeletier & Serville),Cyclopelta obscura (Lepeletier & Serville),云南,瑞丽,云南瑞丽,姚凯选,1-74,1981/10/17
86361,大皱蝽,Pentatomidae,Cyclopelta,obscura,,(Lepeletier & Serville),Cyclopelta obscura (Lepeletier & Serville),云南,瑞丽,云南瑞丽,姚凯选,1-74,1981/10/17
86362,大皱蝽,Pentatomidae,Cyclopelta,obscura,,(Lepeletier & Serville),Cyclopelta obscura (Lepeletier & Serville),云南,芒市,云南芒市,金显谋,1-74,1977/6/12
86363,大皱蝽,Pentatomidae,Cyclopelta,obscura,,(Lepeletier & Serville),Cyclopelta obscura (Lepeletier & Serville),云南,芒市,云南芒市,金显谋,1-74,1977/6/12
86364,大皱蝽,Pentatomidae,Cyclopelta,obscura,,(Lepeletier & Serville),Cyclopelta obscura (Lepeletier & Serville),云南,芒市,云南芒市,金显谋,1-74,1977/6/12
86365,大皱蝽,Pentatomidae,Cyclopelta,obscura,,(Lepeletier & Serville),Cyclopelta obscura (Lepeletier & Serville),云南,芒市,云南芒市,金显谋,1-74,1977/6/12
86366,大皱蝽,Pentatomidae,Cyclopelta,obscura,,(Lepeletier & Serville),Cyclopelta obscura (Lepeletier & Serville),云南,芒市,云南芒市,金显谋,1-74,1977/6/12
86367,大皱蝽,Pentatomidae,Cyclopelta,obscura,,(Lepeletier & Serville),Cyclopelta obscura (Lepeletier & Serville),云南,芒市,云南芒市,金显谋,1-74,1977/6/12
86368,大皱蝽,Pentatomidae,Cyclopelta,obscura,,(Lepeletier & Serville),Cyclopelta obscura (Lepeletier & Serville),云南,芒市,云南芒市,金显谋,1-74,1977/6/12
86369,大皱蝽,Pentatomidae,Cyclopelta,obscura,,(Lepeletier & Serville),Cyclopelta obscura (Lepeletier & Serville),云南,芒市,云南芒市,金显谋,1-74,1977/6/12
86370,大皱蝽,Pentatomidae,Cyclopelta,obscura,,(Lepeletier & Serville),Cyclopelta obscura (Lepeletier & Serville),云南,芒市,云南芒市,金显谋,1-74,1977/6/12
86371,大皱蝽,Pentatomidae,Cyclopelta,obscura,,(Lepeletier & Serville),Cyclopelta obscura (Lepeletier & Serville),云南,盈江,云南盈江,姚凯选,1-74,1981/10/14
86372,大皱蝽,Pentatomidae,Cyclopelta,obscura,,(Lepeletier & Serville),Cyclopelta obscura (Lepeletier & Serville),云南,路西,云南路西,董大志,1-74,1981/10/26
86373,大皱蝽,Pentatomidae,Cyclopelta,obscura,,(Lepeletier & Serville),Cyclopelta obscura (Lepeletier & Serville),云南,路西,云南路西,董大志,1-74,1981/10/26
86374,大皱蝽,Pentatomidae,Cyclopelta,obscura,,(Lepeletier & Serville),Cyclopelta obscura (Lepeletier & Serville),云南,耿马,云南耿马,朱世模,1-74,1981/6/3
86375,小皱蝽,Pentatomidae,Cyclopelta,parva,,Distant,Cyclopelta parva Distant,云南,潞西,云南潞西,熊江,1-75,1981/10/25
86376,小皱蝽,Pentatomidae,Cyclopelta,parva,,Distant,Cyclopelta parva Distant,云南,潞西,云南潞西,董大志,1-75,1981/10/26
86377,小皱蝽,Pentatomidae,Cyclopelta,parva,,Distant,Cyclopelta parva Distant,云南,潞西,云南潞西,董大志,1-75,1981/10/26
86378,小皱蝽,Pentatomidae,Cyclopelta,parva,,Distant,Cyclopelta parva Distant,云南,潞西,云南潞西,董大志,1-75,1981/10/26
86379,小皱蝽,Pentatomidae,Cyclopelta,parva,,Distant,Cyclopelta parva Distant,云南,潞西,云南潞西,董大志,1-75,1981/10/26
86380,小皱蝽,Pentatomidae,Cyclopelta,parva,,Distant,Cyclopelta parva Distant,云南,潞西,云南潞西,董大志,1-75,1981/10/26
86381,小皱蝽,Pentatomidae,Cyclopelta,parva,,Distant,Cyclopelta parva Distant,云南,潞西,云南潞西,董大志,1-75,1981/10/26
86382,小皱蝽,Pentatomidae,Cyclopelta,parva,,Distant,Cyclopelta parva Distant,云南,潞西,云南潞西,董大志,1-75,1981/10/26
86383,小皱蝽,Pentatomidae,Cyclopelta,parva,,Distant,Cyclopelta parva Distant,云南,潞西,云南潞西,董大志,1-75,1981/10/26
86384,小皱蝽,Pentatomidae,Cyclopelta,parva,,Distant,Cyclopelta parva Distant,云南,潞西,云南潞西,董大志,1-75,1981/10/26
86385,小皱蝽,Pentatomidae,Cyclopelta,parva,,Distant,Cyclopelta parva Distant,云南,潞西,云南潞西,董大志,1-75,1981/10/26
86386,小皱蝽,Pentatomidae,Cyclopelta,parva,,Distant,Cyclopelta parva Distant,云南,潞西,云南潞西,董大志,1-75,1981/10/26
86387,小皱蝽,Pentatomidae,Cyclopelta,parva,,Distant,Cyclopelta parva Distant,云南,潞西,云南潞西,董大志,1-75,1981/10/26
86388,小皱蝽,Pentatomidae,Cyclopelta,parva,,Distant,Cyclopelta parva Distant,云南,潞西,云南潞西,董大志,1-75,1981/10/26
86389,小皱蝽,Pentatomidae,Cyclopelta,parva,,Distant,Cyclopelta parva Distant,云南,潞西,云南潞西,董大志,1-75,1981/10/26
86390,小皱蝽,Pentatomidae,Cyclopelta,parva,,Distant,Cyclopelta parva Distant,云南,潞西,云南潞西,董大志,1-75,1981/10/26
86391,小皱蝽,Pentatomidae,Cyclopelta,parva,,Distant,Cyclopelta parva Distant,云南,潞西,云南潞西,董大志,1-75,1981/10/26
86392,小皱蝽,Pentatomidae,Cyclopelta,parva,,Distant,Cyclopelta parva Distant,云南,潞西,云南潞西,董大志,1-75,1981/10/26
86393,小皱蝽,Pentatomidae,Cyclopelta,parva,,Distant,Cyclopelta parva Distant,云南,潞西,云南潞西,董大志,1-75,1981/10/26
86394,小皱蝽,Pentatomidae,Cyclopelta,parva,,Distant,Cyclopelta parva Distant,云南,潞西,云南潞西,董大志,1-75,1981/10/26
86395,小皱蝽,Pentatomidae,Cyclopelta,parva,,Distant,Cyclopelta parva Distant,云南,潞西,云南潞西,董大志,1-75,1981/10/26
86396,小皱蝽,Pentatomidae,Cyclopelta,parva,,Distant,Cyclopelta parva Distant,云南,潞西,云南潞西,董大志,1-75,1981/10/26
86397,小皱蝽,Pentatomidae,Cyclopelta,parva,,Distant,Cyclopelta parva Distant,云南,潞西,云南潞西,董大志,1-75,1981/10/26
86398,小皱蝽,Pentatomidae,Cyclopelta,parva,,Distant,Cyclopelta parva Distant,云南,潞西,云南潞西,董大志,1-75,1981/10/26
86399,小皱蝽,Pentatomidae,Cyclopelta,parva,,Distant,Cyclopelta parva Distant,云南,潞西,云南潞西,董大志,1-75,1981/10/26
86400,小皱蝽,Pentatomidae,Cyclopelta,parva,,Distant,Cyclopelta parva Distant,云南,潞西,云南潞西,董大志,1-75,1981/10/26
86401,小皱蝽,Pentatomidae,Cyclopelta,parva,,Distant,Cyclopelta parva Distant,广东,肇庆,广东肇庆,熊江,1-75,1980/4/21
86402,黑皱蝽,Pentatomidae,Cyclopelta,siccifolia,,(Westwood),Cyclopelta siccifolia (Westwood),云南,瑞丽,云南瑞丽,王吉先,1-76a,1981/10/9
